{
  "test_rmse": 0.9467393420055027,
  "test_mae": 0.7475433671968861
}