{
  "test_rmse": 0.9467256048082021,
  "test_mae": 0.7478351322731996
}